Uses,count
Treatment of Type 2 diabetes mellitus,907
Treatment of Bacterial infections,439
 Hypertension (high blood pressure),405
 Pain relief,385
Treatment of Hypertension (high blood pressure),279
Treatment of Fungal skin infections,216
Treatment of Neuropathic pain,189
Treatment of Fungal infections,180
Treatment of Gastroesophageal reflux disease (Acid reflux)Treatment of Peptic ulcer disease,176
 Fungal skin infections,147
 Pain reliefTreatment of Fever,137
Treatment of Allergic conditions,131
Treatment of Dry eyes,130
Treatment of Hypertension (high blood pressure) Prevention of heart attack and strokeTreatment of Heart failure,122
Treatment of Acne,121
Treatment of Sneezing and runny nose due to allergiesTreatment of Hay feverTreatment of Allergic skin conditions,114
 Schizophrenia,111
Treatment of Chronic obstructive pulmonary disease (COPD),108
Treatment of SchizophreniaTreatment of Mania,100
Treatment of Bacterial eye infections,100
Treatment of Hypertension (high blood pressure)Treatment of Angina (heart-related chest pain)Treatment of ArrhythmiaPrevention of Heart attackPrevention of Migraine,91
 Epilepsy/Seizures,87
Treatment of High cholesterolPrevention of Heart attack,86
Treatment of Hair loss,85
Treatment of Epilepsy/Seizures,82
Treatment of High cholesterol Prevention of heart attack and stroke,82
 Diabetes,80
 High cholesterolPrevention of Heart attack,80
 Hypertension (high blood pressure) Heart failure Prevention of heart attack and stroke,79
Treatment of Gastroesophageal reflux disease (Acid reflux)Treatment of Peptic ulcer diseaseTreatment of Zollinger-Ellison syndrome,75
 Hormone replacement therapyTreatment of Female infertility,75
Treatment of Sneezing and runny nose due to allergies,73
Treatment of Benign prostatic hyperplasia,72
Treatment of Common cold,71
 Bacterial infections,69
Treatment of Pain due to muscle spasm,67
Treatment of Cough with mucus,63
Treatment and prevention of Blood clots,62
Treatment of Dry cough,62
 Neuropathic pain,60
Treatment of Skin infections,60
Treatment of Angina (heart-related chest pain),57
 Prevention of organ rejection in transplant patients,54
Treatment of Constipation,53
Treatment of Skin conditions with inflammation & itching,51
Treatment of Bacterial skin infections,51
Treatment of Overactive bladder (OAB) symptoms,49
 Muscle relaxation,49
Treatment of Primary biliary cirrhosisTreatment of Gallbladder stones,47
Treatment of DepressionTreatment of Anxiety disorderTreatment of Panic disorder,45
 Depression,45
 Fungal infections,44
Treatment of HeartburnTreatment of Gastroesophageal reflux disease (Acid reflux)Treatment of Peptic ulcer diseaseTreatment of Zollinger-Ellison syndrome,44
Treatment of Hypertension (high blood pressure)Prevention of Angina (heart-related chest pain),42
Prevention of Migraine,42
Treatment of Neuropathic painTreatment of Epilepsy/SeizuresTreatment of Fibromyalgia,42
 Osteoarthritis,41
Treatment of Erectile dysfunction,41
Treatment of Rheumatic disorderTreatment of Systemic lupus erythematosus (SLE)Treatment of Allergic conditionsTreatment of Eye disordersTreatment of Skin disorders,38
 High cholesterol,38
 Acne,38
Treatment of Dandruff,38
 Eczema Psoriasis,37
Treatment of DepressionTreatment of Panic disorderTreatment of Anxiety disorder,37
Treatment of Hypertension (high blood pressure)Treatment of Edema,36
 Local anesthesia (Numb tissues in a specific area),36
Treatment of Gastroesophageal reflux disease (Acid reflux)Treatment of Intestinal ulcersTreatment of Irritable bowel syndrome,36
 Nutritional deficiencies,36
Treatment of Gout,36
 Pain due to muscle spasm,36
Treatment of Anemia due to chronic kidney diseaseTreatment of Anemia due to cancer chemotherapy,35
 Chronic obstructive pulmonary disease (COPD),35
 Schizophrenia Mania,35
 Melasma,35
 Heart attack prevention and high cholesterol,34
Treatment of Sneezing and runny nose due to allergiesTreatment of Allergic conditions,33
 Fungal nail infections,33
Treatment of Hypothyroidism,33
 Heart attack,33
 Cough,32
Treatment of Epilepsy/SeizuresTreatment of Bipolar disorderPrevention of Migraine,31
Treatment of Hepatic encephalopathyTreatment of Infectious diarrhea,31
Treatment of Hypertension (high blood pressure)Prevention of Angina (heart-related chest pain)Prevention of Heart attackPrevention of Stroke,30
Treatment of EczemaTreatment of Psoriasis,30
Treatment of ConstipationTreatment of Hepatic encephalopathy,30
Treatment of Meniere's disease,30
Treatment of Atopic dermatitis,30
Treatment and prevention of Wound infection,29
 Epilepsy,29
Treatment of Melasma,29
Treatment of Nutritional deficiencies,29
 Epilepsy/Seizures Bipolar disorder,28
Treatment of GlaucomaTreatment of Ocular hypertension,28
Treatment of Acne Acute promyelocytic leukaemia,28
 Parkinson's disease Restless leg syndrome,27
Treatment of Fungal skin infectionsTreatment of Fungal infections,27
Treatment of Hypertension (high blood pressure)Treatment of Heart failure Prevention of heart attack and stroke,27
Treatment of Muscular pain,27
 Contraception,27
Treatment of Prevention of heart attack and stroke,27
Treatment of DepressionTreatment of Post traumatic stress disorderTreatment of Obsessive-compulsive disorderTreatment of Panic disorderTreatment of Premenstrual dysphoric disorderTreatment of AnxietyTreatment of Premenstrual syndrome (PMS),27
Treatment of Gastroesophageal reflux disease (Acid reflux)Treatment of Functional dyspepsia,27
Treatment of Respiratory tract infection,26
 Constipation,26
Treatment of Fungal skin infectionsTreatment of Dandruff,26
 Skin conditions with inflammation & itching,25
 Prevention of heart attack and stroke,25
Treatment of AcidityTreatment of HeartburnTreatment of Stomach ulcers,24
 Asthma,24
Treatment of Post-operative eye pain and inflammation,24
 Gastroesophageal reflux disease (Acid reflux) Peptic ulcer disease,24
 Epilepsy/Seizures Trigeminal neuralgia Diabetic nerve pain,24
 Scabies,23
Treatment of Heavy menstrual bleedingTreatment of Pain during menstruationTreatment of EndometriosisTreatment of Premenstrual syndrome (PMS),23
 Depression Obsessive-compulsive disorder,23
Prevention of Angina (heart-related chest pain),23
 Severe bacterial infections,23
Treatment of Respiratory tract disorders associated with viscid mucus,23
Treatment of Parasitic infections,23
 Obesity,22
 Dry eyes,22
Treatment of Mouth ulcers,22
 Redness and swelling in the eye,22
 Hormone replacement therapy Female infertility,22
Treatment of Bacterial & parasitic infections,22
Treatment of Bleeding,22
Treatment of Chronic kidney disease,21
Treatment of PheochromocytomaTreatment of Hypertension (high blood pressure) Prevention of migraineTreatment of AnxietyTreatment of ArrhythmiaPrevention of Heart attackPrevention of Angina (heart-related chest pain)Treatment of Tremors,21
 Skin infections,21
 Bacterial skin infections,21
Treatment of Hypertension (high blood pressure)Treatment of Angina (heart-related chest pain)Treatment of ArrhythmiaPrevention of Heart attack,21
Treatment of Paracetamol toxicity,21
 Alzheimer's disease,21
Treatment of Nausea and vomiting in pregnancy,20
Treatment of Eye infection with inflammation,20
Treatment of Hypertension (high blood pressure)Prevention of Heart attackPrevention of Stroke,20
Treatment of Allergic eye disease,20
Treatment of Resistant Tuberculosis (TB)Treatment of Bacterial infections,20
Treatment of Erectile dysfunctionTreatment of Pulmonary arterial hypertension (PAH),20
 Osteoporosis,20
 Herpes Simplex Virus Infections Chickenpox Herpes labialis Shingles Genital herpes infection,19
 Glaucoma Ocular hypertension,19
 Epilepsy/SeizuresPrevention of Migraine Bipolar disorder,19
Treatment of Severe bacterial infections,19
Treatment of Bacterial infections of urinary tract,19
 Ulcerative colitis Crohn’s disease,19
Treatment of Bacterial skin infections Bacterial eye infections,18
Treatment of Neuropathic painTreatment of Epilepsy/Seizures,18
Treatment of AnxietyTreatment of Skin conditions with inflammation & itching,18
Treatment of Resistance Tuberculosis (TB)Treatment of Bacterial infections,18
Treatment of Cough,18
 Cough with mucus,18
 Hormone replacement therapy,18
Treatment of NauseaTreatment of Vomiting,18
Treatment of DepressionTreatment of Panic disorderTreatment of Obsessive-compulsive disorder,17
Treatment of Depression Neuropathic painTreatment of Migraine,17
Treatment of Abdominal pain,17
Treatment of Nausea Vomiting,17
 Psoriasis,17
Treatment of Pancreatic enzyme deficiency,17
 Bleeding,16
 Sneezing and runny nose due to allergies,16
 Vitiligo Psoriasis,16
Treatment of Allergic skin conditions,16
Treatment of Parkinson's disease,16
 Female infertility,16
 Alzheimer's disease Stroke Dementia in Parkinson's disease Age related memory loss Head injury,16
Treatment of Rheumatoid arthritisTreatment of Systemic lupus erythematosus (SLE)Treatment of Type 2 diabetes mellitus,16
Prevention of Heart attack,15
 Depression Anxiety disorder,15
 Epilepsy/SeizuresPrevention of Migraine Lennox–Gastaut syndrome,15
Treatment of Liver  disease,15
 Hair loss,15
Treatment of Bacterial infectionsTreatment of Acne,15
 Stroke,14
Treatment of Female infertilityTreatment of Male hypogonadism,14
 Female infertility Male hypogonadism Male infertility,14
Treatment of Vitamin D deficiencyTreatment of Osteoporosis,14
 Acidity Stomach ulcers Bloating,13
 Breast cancer,13
 Herpes labialis Genital herpes infection Herpes zoster,13
Treatment of Inflammatory conditionsTreatment of Autoimmune conditionsTreatment of Cancer,13
 HIV infection,13
Treatment of Heavy menstrual bleedingTreatment of Menstrual pain,13
Treatment of Diabetes,13
 Dry cough,13
Treatment of Ocular hypertensionTreatment of Glaucoma,13
Treatment of AsthmaTreatment of BronchitisTreatment of Chronic obstructive pulmonary disease (COPD),13
 Diarrhea Dysentery,13
Treatment of Piles,13
 Plaque psoriasis,12
Treatment of StrokeTreatment of Head injuryTreatment of Alzheimer's diseaseTreatment of Dementia in Parkinson's disease,12
Treatment of Anal fissure,12
Treatment of Premature LaborTreatment of Peripheral vascular disease,12
Treatment of Asthma,12
Treatment of Diarrhea,12
Treatment of Breast cancerTreatment of Infertility due to anovulation,12
Treatment of Heart failure,12
Treatment of Intestinal ulcersTreatment of Stomach ulcers,12
Treatment of Infectious diarrhea,12
 Prevention of organ rejection in transplant patients Rheumatoid arthritis PsoriasisPrevention of graft rejection following Bone marrow transplantationTreatment of Nephrotic syndrome,12
 Acute migraine headache,12
Treatment of Mouth infection,11
Treatment of Gastroesophageal reflux disease (Acid reflux),11
Treatment and prevention of Epilepsy/Seizures,11
Treatment of Premature ejaculation,11
Treatment of DepressionTreatment of Anxiety disorderTreatment of Diabetic nerve painTreatment of FibromyalgiaTreatment of Neuropathic painTreatment of Stress urinary incontinence,11
 Gastroesophageal reflux disease (Acid reflux) Irritable bowel syndrome Heartburn,11
Treatment of GoutTreatment of Kidney stone,11
 Vitiligo,11
 Prostate cancer,11
 High phosphate levels in blood,11
 Chronic hepatitis B virus (HBV) infection,11
Treatment of Malaria,11
 Ocular hypertension Glaucoma,11
Prevention of Asthma,11
Treatment of pelvic pain associated with Endometriosis,10
 Parkinson's disease,10
 Acidity Heartburn Stomach ulcers,10
 Hyperthyroidism,10
 Benign prostatic hyperplasia,10
 Common cold,10
 Diarrhea,10
 Prevention of Rabies,10
Treatment of Irritable bowel syndrome,10
 Allergic conditions,10
 Heavy menstrual bleeding,10
Treatment of Angina (heart-related chest pain)Treatment of Heart failure,10
 Pulmonary arterial hypertension (PAH),10
 Post-operative eye pain and inflammation,10
 Severe fungal infections,9
Treatment of Hypertension (high blood pressure)Treatment of EdemaTreatment of Heart failure,9
Treatment of InsomniaTreatment of Jet lag,9
 Bacterial eye infectionsTreatment of Bacterial infections,9
Treatment of Prostate cancerTreatment of EndometriosisTreatment of Uterine fibroidsTreatment of Precocious puberty (premature puberty),9
Acute Sore throatTreatment of Cough with mucus,9
Treatment of Chronic obstructive pulmonary disease (COPD)Treatment and prevention of Asthma,9
Prevention of Infections,9
Treatment and prevention of Chronic obstructive pulmonary disease (COPD)Treatment of Sneezing and runny nose due to allergies,9
Treatment of Severe allergic reactionsTreatment of Allergic conditionsTreatment of Rheumatic disorderTreatment of Skin disordersTreatment of Eye disordersTreatment of Nephrotic syndrome,9
Treatment of Peptic ulcer disease,9
Treatment of Male hypogonadism,9
Treatment of Menstrual painTreatment of Abdominal cramp,9
 Diabetic nerve pain,9
Treatment of Edema,9
 Polycystic ovarian syndrome (PCOS),9
Treatment of CancerTreatment of Rheumatoid arthritisTreatment of PsoriasisTreatment of Crohn’s disease,9
Treatment of Allergic conditions Appetite stimulant,9
Treatment of Low levels of sodium in the blood,9
Treatment of Muscle spasms of the urinary tract,9
Treatment of Kidney stone,8
Treatment of Idiopathic pulmonary fibrosis,8
 Nausea and vomiting due to chemotherapy,8
 Osteoarthritis Rheumatoid arthritis,8
Treatment of Hypertension (high blood pressure)Treatment of Prevention of heart attack and strokeTreatment of Heart failure,8
Treatment of Hypertension (high blood pressure)Treatment of Heart failureTreatment of Benign prostatic hyperplasia,8
 Fungal infections of vagina,8
 Wound infection,8
 Allergic eye disease,8
Treatment of Migraine,8
 High cholesterol Prevention of heart attack and stroke,8
 Chronic obstructive pulmonary disease (COPD)Treatment of Asthma,8
Treatment of Glaucoma,8
Treatment of Eczema Severe allergic reactionsTreatment of Allergic conditionsTreatment of CancerTreatment of Skin disordersTreatment of Eye disorders,8
 Dandruff,8
 Rheumatoid arthritis Psoriatic arthritis,8
Treatment of Pulmonary arterial hypertension (PAH),8
Prevention of Premature Labor,8
Treatment of Ulcerative colitis,8
 Uterine fibroids,7
Treatment of Female infertility,7
Treatment of Polycystic ovarian syndrome (PCOS),7
"Treatment of Anxiety disorderTreatment of $name is thought to work by affecting the balance of certain chemicals (such as serotonin) in the brain. It helps improve mood and feelings of wellbeing, relieves anxiety and tension, helps you sleep better, and increases your energy level. It is used to treat depression that is unresponsive to other medicines. You need to take it regularly as it is prescribed for it to be most effective and should not stop taking it suddenly. Depression",7
 Pain relief Fever,7
 Herpes labialis,7
 Overactive bladder (OAB) symptoms,7
Treatment of Cancer,7
 Breast cancer Endometrial cancer,7
 Migraine,7
Prevention of Typhoid fever,7
 Pain relief Swelling,7
 Chronic liver disease Liver cirrhosis,7
 Bipolar depression,7
 Herpes labialis Herpes Simplex Virus Infections Shingles Genital herpes infection,7
 Prevention of Hepatitis B infection,7
Prevention of Blood clots,7
Treatment of Post menopausal osteoporosis,7
 Immunoglobulins deficiency,7
Treatment and prevention of Sneezing and runny nose due to allergiesTreatment of Nasal congestion (blocked nose)Treatment of Nasal polyps,7
Treatment of Iron deficiency anemia,7
 Mania Bipolar disorder,7
 Schizophrenia Depression Bipolar disorder,7
 Syndromic treatment of vaginal discharge,7
Treatment of IndigestionTreatment of Alkalinizing agentTreatment of Metabolic acidosis,6
 High blood pressure with high cholesterol,6
Treatment of Hypertension (high blood pressure)Treatment of Angina (heart-related chest pain)Treatment of Arrhythmia,6
 Diseases of respiratory tract,6
Treatment of Wound infection,6
 Hypertension (high blood pressure) Angina (heart-related chest pain) Prevention of heart attack and stroke,6
Treatment of Indigestion,6
Treatment of Worm infections,6
 Severe allergic reactionsTreatment of Allergic conditionsTreatment of CancerTreatment of Skin disordersTreatment of Eye disorders,6
 Carnitine deficiency,6
Treatment of Bacterial infectionsTreatment of Parasitic infections,6
 Bacterial infections of urinary tract,6
Treatment of IndigestionTreatment of NauseaTreatment of Vomiting,6
Treatment and prevention of Asthma,6
Treatment of Bacterial & parasitic infectionsTreatment of DiarrheaTreatment of Dysentery,6
Treatment of Vertigo,6
 Prevention of organ rejection in transplant patientsTreatment of Rheumatoid arthritis,6
Prevention of Tetanus,6
Treatment of Rheumatoid arthritisTreatment of Osteoarthritis,6
Treatment of Motion sicknessTreatment of VertigoTreatment of Meniere's disease,6
Treatment of Intermittent claudication,6
Treatment and prevention of postmenopausal Osteoporosis,6
 Non-small cell lung cancer,6
Treatment of Peptic ulcer diseaseTreatment of Bacterial infections,6
 Prevention of diarrhea due to rotavirus,5
 Malaria,5
 Anxiety disorder,5
Treatment of NauseaTreatment of VomitingTreatment of IndigestionTreatment of Heartburn,5
Treatment of Hypertension (high blood pressure)Treatment of Angina (heart-related chest pain)Treatment of ArrhythmiaPrevention of Heart attackPrevention of StrokePrevention of Migraine,5
Treatment of Primary biliary cirrhosis,5
 Iron deficiency anemia,5
 Bacterial eye / ear infectionsTreatment of Bacterial infections,5
Prevention of Heart attackPrevention of Stroke,5
Treatment of Chronic hepatitis B virus (HBV) infection,5
 Arrhythmia,5
 Atopic dermatitis,5
Treatment of Pernicious Anemia Vitamin B12 deficiency,5
 Fungal infections of mouth (Thrush)Treatment of Fungal infections,5
Treatment and prevention of Kidney stone,5
 Osteoporosis Hypercalcemia,5
 Cognitive enhancer,5
Prevention of Infections after chemotherapy,5
Prevention of Chickenpox,5
 Appetite stimulant,5
Treatment of Coronavirus disease (COVID-19),5
Treatment of PilesTreatment of Varicose veins,5
Treatment of Mouth infectionTreatment of Sore throatTreatment of Dry mouthTreatment and prevention of Wound infection,5
Treatment of Parkinson's diseaseTreatment of Drug induced abnormal movements,5
 Skin conditions with inflammation & itchingTreatment of Asthma,5
Treatment of Functional dyspepsia,5
 Multiple myeloma Lepra reaction,5
Treatment and prevention of Chronic obstructive pulmonary disease (COPD),5
Treatment of Ear infection,5
 Pain reliefTreatment of Swelling,5
Treatment of Arrhythmia,5
 Hypertension (high blood pressure)Prevention of Angina (heart-related chest pain),4
 Fatty liver disease,4
Treatment of VertigoTreatment of NauseaTreatment of VomitingTreatment of MigraineTreatment of Short term anxiety,4
Treatment of Varicose veinsTreatment of PilesTreatment of Lymphedema,4
 Diabetes insipidus Bed-wetting,4
Treatment of Benign fibrocystic breast diseaseTreatment of EndometriosisTreatment of Premenstrual syndrome (PMS)Treatment of Menstrual pain,4
Treatment of Myopia,4
Treatment of Iron overload,4
 Short term fluid replacement after trauma,4
 Fungal skin infectionsTreatment of Fungal infections,4
Treatment of Resistant Tuberculosis (TB)Treatment of Severe bacterial infections,4
 Chronic obstructive pulmonary disease (COPD) General Anaesthesia Peptic ulcer disease,4
Treatment of AmenorrheaTreatment of Abnormal uterine bleedingTreatment of Endometriosis,4
 General Anaesthesia Peptic ulcer disease,4
Treatment of HIV infection,4
 Deep vein thrombosis Pulmonary embolism,4
Treatment of Inflammatory conditionsTreatment of Autoimmune conditionsTreatment of Severe allergic reactionsTreatment of Allergic conditionsTreatment of Rheumatic disorderTreatment of Skin disordersTreatment of Eye disordersTreatment of Nephrotic syndrome,4
 Fungal infections of vaginaTreatment of Fungal infections,4
 Hypertension (high blood pressure) Prevention of heart attack and stroke Heart failure,4
 Bacterial infections Parasitic infections,4
 SchizophreniaTreatment of Mania,4
 Head and neck cancer Sickle cell anemia,4
Treatment of Headache,4
Treatment of OsteoporosisTreatment of Paget's disease,4
 Irritable bowel syndrome,4
 Vertigo,4
Treatment of Allergic conditionsTreatment of Respiratory disease with excessive mucusTreatment of Skin conditions with inflammation & itchingTreatment and prevention of Meniere's disease,4
Treatment of Bacterial eye / ear infections,4
 Sunburn,4
 Depression Smoking addiction,4
Prevention of Angina (heart-related chest pain)Treatment and prevention of Heart attackTreatment and prevention of Stroke,4
Treatment of Bacterial infectionsTreatment of SyphilisPrevention of Rheumatic fever,4
Treatment of Redness and swelling in the eye,4
Treatment of Chronic hepatitis C virus (HCV) infection,4
 Varicose veins,4
 Multiple sclerosis (MS),4
 Abdominal cramp,4
Treatment of chorea (a movement disorder) associated with Huntington's disease,4
 Arthralgia (joint pain),4
 Fungal skin infections Fungal nail infections,4
 Depression Bed-wetting Neuropathic pain,4
Treatment of Urinary retention,4
 Opioid dependence Alcohol addiction,4
Prevention of AsthmaTreatment of Sneezing and runny nose due to allergies,4
 Diabetic foot ulcers,4
 Prevention of heart attack and stroke Heart attack Peripheral vascular disease,4
Treatment of Psoriasis,4
 Liver  disease,4
Treatment of DiarrheaTreatment of Dysentery,4
 Ankylosing spondylitis Rheumatoid arthritis Psoriasis Ulcerative colitis Crohn’s disease,3
 RosaceaTreatment of Parasitic infections,3
 Bacterial eye infections,3
 Eye examination,3
 Constipation Intestine preparation before any surgery,3
 Eye examination Uveitis,3
 Bacterial infections Tuberculosis (TB),3
Treatment of Premature LaborTreatment of Recurrent miscarriage,3
" Prevention of pneumonia, meningitis, blood infection & ear infection",3
 Hypertension (high blood pressure) Edema Low potassium Heart failure,3
 Piles,3
 Pelvic inflammatory disease,3
Treatment of Influenza (flu),3
Treatment of Nasal congestion (blocked nose),3
 Vitamin B12 deficiency,3
 Diarrhea Worm infections,3
Treatment of Allergic conjunctivitis,3
 Male infertility,3
Treatment of Vitamin D deficiency,3
Treatment of Typhoid feverTreatment of Bacterial infections,3
Treatment of Cough with mucusTreatment of Acute Sore throatTreatment of Respiratory tract disorders associated with viscid mucus,3
 Angioedema,3
Treatment of SchizophreniaTreatment of DepressionTreatment of Bipolar disorder,3
 Hypertension (high blood pressure)Treatment of Edema,3
 Hormone replacement therapy Post menopausal osteoporosis,3
 Kidney stone,3
Treatment of Ear pain,3
 Abdominal pain,3
 Edema,3
Treatment of Allergic skin conditionsTreatment of Allergic conditions,3
 Post-operative eye pain and inflammation Pain relief,3
Treatment of Rheumatoid arthritisTreatment of PsoriasisTreatment of CancerTreatment of Crohn’s disease,3
 Tinnitus (ringing in the ears)Treatment of Abdominal pain,3
Treatment of AcidityTreatment of Stomach ulcersTreatment of Bloating,3
Treatment of Inflammation of gums,3
 Worm infections Skin disorders,3
 Bacterial eye / ear infectionsTreatment of Bacterial eye infections,3
 Post menopausal osteoporosis Paget's disease,3
Treatment of Myasthenia gravisTreatment of Paralytic ileusTreatment of Post-operative urinary retention,3
 High levels of prolactin Female infertility Acromegaly,3
 Cytomegalovirus Infection,3
 Non-small cell lung cancer Pancreatic cancer,3
Treatment of Chronic hepatitis B virus (HBV) infectionTreatment of HIV infection,3
Treatment of Urinary tract infections (UTIs),3
Treatment of PertussisTreatment of DiphtheriaTreatment of Bacterial infections,2
Treatment of Thrombophlebitis,2
Treatment of Irritable bowel syndromeTreatment of Abdominal pain,2
 Induction of labour,2
 Non-Hodgkin lymphoma (NHL) Rheumatoid arthritis Blood cancer (Chronic lymphocytic leukemia) Granulomatosis with polyangiitis Microscopic polyangiitis,2
Prevention of DiphtheriaPrevention of TetanusPrevention of Pertussis Prevention of Hepatitis B infectionPrevention of Haemophilus influenzae Type b disease,2
 Skin conditions with inflammation & itchingTreatment of Rheumatoid arthritisTreatment of Osteoarthritis,2
 Prevention of Measles Prevention of Rubella Prevention of Mumps,2
Treatment of Allergic conditions Motion sickness,2
 Rheumatoid arthritis,2
 Post-delivery bleeding,2
 Indigestion Bloating,2
Treatment of Hyperpigmentation,2
 Heart failure Low blood pressure,2
Treatment of Vitamin C deficiency,2
Treatment of Burns,2
Treatment of High calcium levels in the bloodTreatment of Hyperparathyroidism,2
 Liver disease,2
 Alcoholic fatty liver disease,2
 Heartburn Gastroesophageal reflux disease (Acid reflux) Peptic ulcer disease,2
 Female infertility Male hypogonadism,2
 Low platelet count due to ITP or HCV infectionTreatment of Severe Aplastic Anemia,2
 Heart failure Arrhythmia,2
Treatment of Multiple myelomaTreatment of Myelodysplastic syndrome,2
Treatment of InsomniaTreatment of DepressionTreatment of Anxiety disorder,2
Treatment of Idiopathic pulmonary fibrosisTreatment of Non-small cell lung cancer,2
 Pain due to smooth muscle spasm,2
Treatment of Early-stage bladder cancer,2
Treatment of Alcohol addiction,2
 Parasitic infections,2
Treatment of Vitamin A deficiency,2
Treatment of Gastroesophageal reflux disease (Acid reflux)Treatment of Peptic ulcer diseaseTreatment of Heartburn,2
Treatment of Bacterial eye / ear infectionsTreatment of Eye infection with inflammation,2
 Quitting smoking,2
 Stomach ulcers,2
Treatment of Gastroesophageal reflux disease (Acid reflux) Peptic ulcer disease,2
 Hormone replacement therapyPrevention of Post menopausal osteoporosis,2
 Urinary tract infections (UTIs),2
 Brain tumor,2
Treatment of Osteoarthritis,2
 Parkinson's disease Drug induced abnormal movements,2
Treatment of Parasitic Worm infectionsTreatment of Skin disorders,2
 Bacterial infections of external ear Fungal skin infections,2
 Worm infections,2
 Dental cavities,2
 Motion sickness Vertigo,2
 Alcohol addiction,2
Treatment of Vitamin & mineral deficiencyTreatment of Diabetic nerve pain,2
 Breast cancer Stomach cancer,2
 Skin infectionsTreatment of Mouth infection,2
Treatment of MyopiaTreatment of Uveitis,2
 Dry Skin,2
 Nasal congestion (blocked nose),2
 Psoriasis Acne,2
 Heart failure Hypertension (high blood pressure) Prevention of heart attack and stroke,2
Treatment of Sneezing and runny nose due to allergiesTreatment of Nasal polyps,2
 Prevention of kidney transplant rejection,2
 Facial hirsutism (Excessive hair growth on face),2
 Mouth infection,2
Treatment of Dementia Associated with Parkinson's disease Alzheimer's disease,2
Treatment of Pain due to smooth muscle spasmTreatment of Irritable bowel syndrome,2
 Cancer of colon and rectum,2
Treatment of Eye infection,2
Treatment of Low blood pressure,2
 Peptic ulcer disease,2
 Gastroesophageal reflux disease (Acid reflux)Treatment of Peptic ulcer disease,2
 Gastroesophageal reflux disease (Acid reflux) Indigestion,2
 Prevention of organ rejection in transplant patientsTreatment of Breast cancerTreatment of Pancreatic cancerTreatment of Lung cancerTreatment of Kidney cancer,2
Treatment of AcneTreatment of Bacterial infections,2
Treatment of Cytomegalovirus Infection,2
Treatment of Rheumatoid arthritis,2
Treatment of Increased potassium levels in blood,2
 Peripheral vascular disease,2
Treatment of Acute migraine headache,2
Treatment of Friedreich's ataxiaTreatment of Leber’s Hereditary Optic Neuropathy,2
 Burns,2
Treatment of HeartburnTreatment of Nausea,2
 Burns Stretch Marks,2
Treatment of Noncirrhotic Non-Alcoholic SteatohepatitisTreatment of Non-alcoholic fatty liver diseaseTreatment of Diabetic dyslipidemia (high cholesterol in diabetes),2
Prevention of Angina (heart-related chest pain)Controlling Heart failure,2
Treatment of Ulcerative colitisTreatment of Irritable bowel syndrome,2
 Mouth ulcers,2
Treatment of Rheumatoid arthritisTreatment of Ulcerative colitisTreatment of Crohn’s diseaseTreatment of Ankylosing spondylitisTreatment of Psoriatic arthritis,2
Improving Abdominal painTreatment of Irritable bowel syndrome,2
 Thrombophlebitis,2
Prevention of Harmful effects of methotrexate,2
Treatment of Fungal infections of vagina,1
 Prostate cancer Endometriosis Precocious puberty (premature puberty),1
 Dry mouth after radiotherapy of head and neck cancer,1
 Warts,1
 Post menopausal osteoporosis Paget's disease Hypercalcemia,1
 Acidity Stomach ulcers,1
Treatment of Calcium deficiency,1
 Chronic immune thrombocytopenia,1
 Sneezing and runny nose due to allergiesTreatment of Asthma,1
 Heart attackPrevention of Stroke,1
 Bacterial & parasitic infections,1
Treatment and prevention of Post menopausal osteoporosis,1
Treatment and prevention of Lung infections in patients with cystic fibrosis,1
Treatment of Schizophrenia Mania,1
 Fungal infections of eyeTreatment of Fungal infections,1
 Moderate to severe pain,1
 Meniere's disease,1
Treatment of Oral lichen planus,1
Symptomatic Pain relief,1
 Prevention of Hepatitis A infection Prevention of Hepatitis B infection,1
Treatment of Warts,1
 Peripheral vascular disease Intermittent claudication,1
 Heartburn,1
 Snake Bite,1
 Vitamin & mineral deficiency,1
 Soft tissue sarcoma,1
Treatment of Severe sepsisTreatment of Pancreatitis,1
Prevention of Influenza (flu),1
 Erectile dysfunction Peripheral vascular disease,1
 Myasthenia gravis Paralytic ileus Post-operative urinary retention Reversal of effect of skeletal muscle relaxant  after surgery,1
 Menstrual pain,1
Treatment of Male infertilityTreatment of Female infertility,1
Treatment of Eye pain,1
Treatment of Vaginitis,1
Prevention of Tuberculosis (TB),1
Treatment of Schizophrenia Short term anxiety,1
 Severe allergic reactions Cardiac arrest,1
Treatment of Parasitic Worm infections,1
Treatment of HypersensitivityTreatment of Inflammation of gumsTreatment of Dental cavities,1
Treatment of Fungal infections of eye Severe fungal infections,1
Treatment of Age-related hearing loss (presbycusis),1
 Rheumatoid arthritis Ankylosing spondylitis Psoriasis Ulcerative colitis Crohn’s disease,1
 Eye Irritation,1
Treatment of Peptic ulcer diseaseTreatment of Mouth ulcers,1
Treatment of Hay feverTreatment of Allergic skin conditionsTreatment of Sneezing and runny nose due to allergies,1
 Kidney cancer Soft tissue sarcoma,1
Treatment of Skin disorders,1
 Tetanus Diphtheria,1
 Softening of earwax,1
 Breast cancer Cancer of colon and rectum,1
 Vitamin C deficiency,1
Treatment of Bacterial eye / ear infectionsTreatment of Bacterial infections,1
 Melasma Hyperpigmentation,1
 Prevention of Rubella,1
 Dermatitis Fungal skin infections,1
 Eye injury,1
 Acidity Indigestion,1
 Potassium deficiency,1
 Multiple myeloma,1
 Clostridium difficile associated diarrhea,1
 Respiratory tract infection,1
 Treatment of Rabies,1
Treatment of Dry mouth,1
Treatment of Varicose veins,1
Prevention of Polio,1
Treatment of Skin conditions with inflammation & itchingTreatment of Intestinal ulcersTreatment of Stomach ulcers,1
Treatment of Fibrocystic Breast Disease,1
 Burns Wound infection,1
 Respiratory tract disorders associated with viscid mucus,1
Treatment of AnxietyTreatment of NauseaTreatment of VomitingTreatment of MigraineTreatment of VertigoTreatment of Short term anxiety,1
 Cancer of colon and rectum Non-small cell lung cancer Kidney cancer Brain tumor Ovarian cancer Cervical cancer,1
 Appetite stimulantTreatment of Allergic skin conditions,1
Treatment of Duchenne muscular dystrophy(DMD)Treatment of Inflammatory conditionsTreatment of Autoimmune conditionsTreatment of Cancer,1
Treatment of Short term fluid replacement after traumaTreatment of Dehydration,1
Treatment of Localized muscle spasm,1
Treatment of Dental pain,1
 Blood cancer (Chronic myeloid leukaemia),1
Treatment of Muscle cramps,1
 Menopausal symptoms,1
 Swelling,1
Treatment and prevention of Angina (heart-related chest pain)Treatment and prevention of Heart attackTreatment and prevention of Stroke,1
 Bacterial infections of the vagina (bacterial vaginosis),1
 Nausea Vomiting,1
 Rosacea,1
 Growth failure due to growth hormone deficiency,1
 Hypotension following spinal anesthesia,1
Treatment of Muscle pain,1
Treatment of Vitamin E deficiency,1
 Pupil dilation,1
 Metastatic breast cancer,1
 Actinic keratosis,1
 Benzodiazepine overdose,1
Treatment of Interstitial cystitis,1
 Severe allergic reactionsTreatment of Skin conditions with inflammation & itching,1
Treatment of Hair lossTreatment of Benign prostatic hyperplasia,1
 Fibromyalgia Depression,1
Treatment of Anemia due to folic acid deficiency,1
Prevention of HPV-associated cancersPrevention of Genital warts (Skin bumps on or around the genital or anal area),1
Treatment of Gastroesophageal reflux disease (Acid reflux)Treatment of IndigestionTreatment of NauseaTreatment of Vomiting,1
Treatment of BloatingTreatment of Abdominal pain,1
 Acromegaly Carcinoid tumours Bleeding esophageal varices,1
Treatment of Abnormal uterine bleedingTreatment of Endometriosis,1
Treatment of Syndromic treatment of vaginal discharge,1
 Fatigue Alzheimer's disease,1
 Nausea and vomiting in pregnancy,1
 Worm infections Intestinal amoebiasis,1
 Acidity Heartburn Anxiety,1
Treatment of Abdominal cramp,1
 Ear infection,1
 Amyotrophic lateral sclerosis (ALS),1
Treatment of Potassium deficiency,1
 Herpes Simplex Virus Infections Chickenpox Shingles Herpes labialis Genital herpes infection,1
Treatment of Uveitis,1
 Infantile spasms,1
Treatment of Inflammatory conditionsTreatment of Autoimmune conditions,1
Treatment of Patent ductus arteriosus (PDA),1
 Muscle pain,1
 Blood clots,1
 Organophosphate poisoning,1
Treatment of Severe fungal infectionsTreatment of Leishmaniasis.,1
Treatment of Nasal allergy symptomsTreatment and prevention of Motion sicknessTreatment of Insomnia,1
 Infectious diarrhea,1
 Closure of surgical incisions,1
 Tetanus Diphtheria Pertussis,1
 Prevention of Hepatitis A infection,1
 Gout,1
Treatment of Bacterial eye infectionsTreatment of Post operative pain,1
 Bloating Abdominal pain,1
 Severe hypoglycemia,1
 Non-small cell lung cancer Breast cancer Pancreatic cancer Urinary bladder cancer Ovarian cancer,1
 Calcium deficiency,1
Prevention of Wound infection,1
 Gastroesophageal reflux disease (Acid reflux),1
 Abdominal pain Irritable bowel syndrome,1
 Constipation Bloating,1
Treatment of Diabetes insipidusTreatment of Bed-wetting,1
 Reversing the effects of certain drugs used during surgery,1
 Seizures in pregnant women with high blood pressure Decreased magnesium levels in blood,1
 Contraception Heavy menstrual bleeding,1
Treatment of Hypertensive emergencyTreatment of Hypertension (high blood pressure)Treatment of Angina (heart-related chest pain)Treatment of ArrhythmiaPrevention of Heart attackTreatment of Migraine,1
Treatment of Schizophrenia,1
 Depression Anxiety,1
 Low blood pressure,1
 Bacterial eye / ear infections,1
 Subarachnoid haemorrhage,1
 Raynaud's diseaseTreatment and prevention of Migraine,1
Treatment of Fungal infections of eye,1
Treatment of Infective DiarrheaTreatment of Worm infections,1
 Ear infectionTreatment of Fungal infections,1
 Infertility,1
Treatment of NauseaTreatment of VomitingTreatment of Diarrhea,1
 Emergency contraception,1
 Overactive bladder (OAB) symptomsPrevention of Migraine Cervical Dystonia Muscle spasm,1
 Liver cancer Kidney cancer Thyroid cancer,1
 Eczema,1
 Nutritional deficiencies Vitamin B12 deficiency,1
Prevention of Meningococcal disease,1
 AcneTreatment of Bacterial infectionsTreatment of Parasitic infections,1
Treatment of Vitamin & mineral deficiency,1
 Chronic hepatitis B virus (HBV) infection Chronic hepatitis C virus (HCV) infection Multiple myeloma Follicular lymphoma Hairy cell leukemia,1
Treatment of Peptic ulcer diseaseTreatment of Irritable bowel syndrome Pain relief,1
 Leprosy,1
Treatment of Menstrual pain,1
 Allergic skin conditions,1
 Diphtheria Haemophilus influenzae Type b disease Pertussis Tetanus Polio,1
Treatment of Eye injury,1
 Wrinkles,1
 Chronic hepatitis C virus (HCV) infection,1
Treatment and prevention of Calcium deficiency,1
 Genital warts (Skin bumps on or around the genital or anal area) Actinic keratosis Basal cell cancer,1
Treatment of BradycardiaTreatment of Cardiac arrest,1
 Iron deficiency anemia Anemia due to chronic kidney disease,1
 Multiple myeloma Mantle-cell lymphoma,1
 Prevention of Japanese Encephalitis,1
Treatment of Dental cavities,1
Treatment of Hypertensive emergencyTreatment of Edema,1
Treatment of Functional dyspepsiaTreatment of NauseaTreatment of VomitingTreatment of Diabetic gastroparesis (diabetic nerve disease affecting stomach),1
Treatment of Calcium deficiencyTreatment of Metabolic Bone disease,1
 Constipation Irritable bowel syndrome,1
Treatment of AmoebiasisTreatment of Malaria,1
Treatment of Hypertensive emergency,1
 Eye infectionTreatment of Inflammatory conditionsTreatment of Autoimmune conditions,1
 Inflammation of gums Mouth ulcers Mouth infection,1
Treatment of Inflammation of gums Local anesthesia (Numb tissues in a specific area),1
 Blood cancer (Acute lymphocytic leukemia),1
